<?xml version="1.0" encoding="UTF-8"?>
<beans xmlns="http://www.springframework.org/schema/beans"
	xmlns:xsi="http://www.w3.org/2001/XMLSchema-instance"
	xmlns:context="http://www.springframework.org/schema/context"
	xmlns:security="http://www.springframework.org/schema/security"
	xsi:schemaLocation="http://www.springframework.org/schema/beans https://www.springframework.org/schema/beans/spring-beans-4.3.xsd
		http://www.springframework.org/schema/context https://www.springframework.org/schema/context/spring-context-4.3.xsd
		http://www.springframework.org/schema/security https://www.springframework.org/schema/security/spring-security-5.2.xsd">

<!-- security 설정 -->
<!-- admin 사용자를 임시로 등록하여 login  테스트 -->
<security:authentication-manager>
	<security:authentication-provider>
		<security:user-service>
			<security:user name="admin11" password="{noop}password" authorities="ROLE_ADMIN"/>
			<security:user name="user11" password="{noop}password" authorities="ROLE_USER"/>
		</security:user-service>
	</security:authentication-provider>
</security:authentication-manager>

<bean id="passwordEncoder" class="org.springframework.security.crypto.bcrypt.BCryptPasswordEncoder">
	<constructor-arg index="0" value="4"/>
</bean>

<bean id="securJDBC" class="org.springframework.security.core.userdetails.jdbc.JdbcDaoImpl">
	<property name="dataSource" ref="emsHiber"/>
	<property name="rolePrefix" value=""/>
	<property name="usersByUsernameQuery">
		<value>
			SELECT username,password,enabled 
			FROM users 
			WHERE username=?
		</value>
	</property>
	<property name="authoritiesByUsernameQuery">
		<value>
			SELECT username,authority 
			FROM authorities 
			WHERE username=?
		</value>
	</property>

</bean>

<!-- 
<security:jdbc-user-service 
				data-source-ref="emsHiber"
				users-by-username-query="SELECT username,password,enabled FROM users WHERE username=?"
				authorities-by-username-query="SELECT username,authority FROM authorities WHERE username=?"
		/>
 -->
<!-- DB에서 사용자 정보 불러오기 -->
<security:authentication-manager>
	<security:authentication-provider user-service-ref="securJDBC">
		<security:password-encoder ref="passwordEncoder"/>
	</security:authentication-provider>
</security:authentication-manager>

<bean class="com.biz.shop.provider.CustomAuthProvider" id="customAuthProvider"/>
<security:authentication-manager>
	<security:authentication-provider ref="customAuthProvider"/>
</security:authentication-manager>



<!-- 
intercept-url
spring security를 통해서 접근할 url(path)를 설정

use-expressions="true"를 사용하면서 'ROLE_ADMIN'과 같은 문자열을 비교하는 함수인
hasRole을 사용할 수 있다.
hasRole('역할')과 같은 표현식을 사용할 수 있도록 선언

 -->

<!-- 
path에 admin이 들어가는게 있다면 ROLE_ADMIN(어드민)일 때만 접근 가능하다.

<security:intercept-url pattern="/auth/**" access="hasAnyRole('USER,ADMIN')"/>
USER나 ADMIN으로 접근하면 접속할 수 있다.

<security:csrf disabled="false"/>
csrf 인증하지 않는것을 취소하겠다 = 인증하겠다.
 -->
<security:http auto-config="true" use-expressions="true">
	<security:csrf disabled="false"/>
	<security:intercept-url pattern="/admin/**" access="hasRole('ADMIN')"/>
	<security:intercept-url pattern="/auth/**" access="permitAll()"/>
	<security:intercept-url pattern="/user/**" access="permitAll()"/>
	<security:intercept-url pattern="/**" access="permitAll"/>
	
	
	<!-- 
	정상적으로 로그인이 되면(default-target-url) /로 redirect
	로그인이 실패하면(authentication-failure-url) /login path에 error 변수를 하나 부착하여
	다시 login으로 보내라
	
	login-page="/auth/login"
	이것이 없으면 기본 제공되는 로그인 페이지를 보여줌.
	 -->
	<security:form-login 
					login-page="/auth/login"			
					
					login-processing-url="/login"	
					authentication-failure-url="/auth/login?error"
					
					default-target-url="/"
					username-parameter="username"
					password-parameter="password"
					/>

	<!--  logout을 시도해서 정상적으로 logout이 되면
	/ path로 redirect 하라.
	
	 -->
	<security:logout
		logout-url="/logout"
		logout-success-url="/"
	/>
	
</security:http>

</beans>
