<?xml version="1.0" encoding="UTF-8"?>
<beans xmlns="http://www.springframework.org/schema/beans"
	xmlns:xsi="http://www.w3.org/2001/XMLSchema-instance"
	xmlns:context="http://www.springframework.org/schema/context"
	xmlns:mybatis-spring="http://mybatis.org/schema/mybatis-spring"
	xmlns:tx="http://www.springframework.org/schema/tx"
	xsi:schemaLocation="http://www.springframework.org/schema/beans https://www.springframework.org/schema/beans/spring-beans-4.3.xsd
		http://www.springframework.org/schema/context https://www.springframework.org/schema/context/spring-context-4.3.xsd
		http://mybatis.org/schema/mybatis-spring http://mybatis.org/schema/mybatis-spring-1.2.xsd
		http://www.springframework.org/schema/tx https://www.springframework.org/schema/tx/spring-tx-4.3.xsd">

	<bean id="myDB" class="org.apache.commons.dbcp2.BasicDataSource">
		<property name="driverClassName"
			value="com.mysql.jdbc.Driver" />
		<property name="username" value="books" />
		<property name="url"
			value="jdbc:mysql://localhost:3306/books?serverTimeZone=Asia/Seoul" />
		<property name="password" value="books" />
	</bean>

	<bean id="sessionFactory"
		class="org.mybatis.spring.SqlSessionFactoryBean">
		<property name="dataSource" ref="myDB" />
		<property name="typeAliasesPackage"
			value="com.biz.models.domain" />
			
	</bean>

	<tx:annotation-driven />
	<bean id="transactionManager"
		class="org.springframework.jdbc.datasource.DataSourceTransactionManager">
		<property name="dataSource" ref="myDB" />
	</bean>

	<mybatis-spring:scan base-package="com.biz.models.dao"/>
	 

</beans>
