<?xml version="1.0" encoding="UTF-8"?>
<beans xmlns="http://www.springframework.org/schema/beans"
	xmlns:xsi="http://www.w3.org/2001/XMLSchema-instance"
	xmlns:context="http://www.springframework.org/schema/context"
	xmlns:mybatis-spring="http://mybatis.org/schema/mybatis-spring"
	xmlns:tx="http://www.springframework.org/schema/tx"
	xsi:schemaLocation="http://mybatis.org/schema/mybatis-spring http://mybatis.org/schema/mybatis-spring-1.2.xsd
		http://www.springframework.org/schema/beans http://www.springframework.org/schema/beans/spring-beans.xsd
		http://www.springframework.org/schema/context http://www.springframework.org/schema/context/spring-context-3.1.xsd
		http://www.springframework.org/schema/tx http://www.springframework.org/schema/tx/spring-tx-4.3.xsd">

	<bean id="ds" class="org.apache.commons.dbcp2.BasicDataSource">
		<property name="driverClassName" value="oracle.jdbc.OracleDriver"/>
		<property name="url" value="jdbc:oracle:thin:@localhost:1521:xe" />
		<property name="username" value="iouser" />
		<property name="password" value="iouser" />
	</bean>
	
	<bean id="sqlSessionFactory" class="org.mybatis.spring.SqlSessionFactoryBean">
		<property name="dataSource" ref="ds" />
		<property name="configLocation" value="/WEB-INF/spring/mybatis/mybatis-config.xml" />
		<property name="mapperLocations" value="/WEB-INF/spring/mybatis/mapper/bucket-mapper.xml" />
	</bean>

	<tx:annotation-driven/>
	
	<bean id="sqlSession" class="org.mybatis.spring.SqlSessionTemplate">
		<constructor-arg index="0" ref="sqlSessionFactory"/>
	</bean>
	
	<mybatis-spring:scan base-package="com.biz.bucketlist.persistence"/>
	
</beans>
