<?xml version="1.0" encoding="UTF-8"?>
<beans xmlns="http://www.springframework.org/schema/beans"
	xmlns:xsi="http://www.w3.org/2001/XMLSchema-instance"
	xmlns:context="http://www.springframework.org/schema/context"
	xmlns:tx="http://www.springframework.org/schema/tx"
	xmlns:jpa="http://www.springframework.org/schema/data/jpa"
	xsi:schemaLocation="http://www.springframework.org/schema/beans https://www.springframework.org/schema/beans/spring-beans-4.3.xsd
		http://www.springframework.org/schema/context https://www.springframework.org/schema/context/spring-context-4.3.xsd
		http://www.springframework.org/schema/data/jpa https://www.springframework.org/schema/data/jpa/spring-jpa-1.8.xsd
		http://www.springframework.org/schema/tx https://www.springframework.org/schema/tx/spring-tx-4.3.xsd">

	<!-- 주입 관계에 있는 bean들은 한 파일에 모아두는게 좋음. -->
	<bean id="emsHiber"
		class="org.apache.commons.dbcp2.BasicDataSource">
		<property name="driverClassName" value="com.mysql.cj.jdbc.Driver" />
		<property name="url" value	="jdbc:mysql://127.0.0.1:3306/emsDB?serverTimezone=Asia/Seoul" />
		<property name="username" value="${mysql.user}" />
		<property name="password" value="${mysql.password}" />
	</bean>

	<context:annotation-config/>
	<tx:annotation-driven/>
		

	<bean id="transactionManager" class="org.springframework.orm.jpa.JpaTransactionManager">
		<property name="dataSource" ref="emsHiber"/>
	</bean>


	<bean id="entityManagerFactory" 
		class="org.springframework.orm.jpa.LocalContainerEntityManagerFactoryBean">
		<property name="dataSource" ref="emsHiber" />
		<property name="packagesToScan" value="com.biz.shop.domain" />
		<property name="jpaVendorAdapter">
			<bean class="org.springframework.orm.jpa.vendor.HibernateJpaVendorAdapter" />
		</property>
		<property name="jpaProperties">
			<props>
				<prop key="hibernate.dialect">org.hibernate.dialect.MySQL8Dialect</prop>
				<prop key="hibernate.show_sql">true</prop>
				<prop key="hibernate.format_sql">true</prop>
				<prop key="hibernate.use_sql_comments">true</prop>
				<prop key="hibernate.hbm2ddl.auto">update</prop>
				<prop key="use_new_id_generator_mappings">true</prop>
			</props>
		</property>
	</bean>
	
	<jpa:repositories base-package="com.biz.shop.persistence"/>

</beans>
