<?xml version="1.0" encoding="UTF-8"?>
<beans xmlns="http://www.springframework.org/schema/beans"
	xmlns:xsi="http://www.w3.org/2001/XMLSchema-instance"
	xmlns:context="http://www.springframework.org/schema/context"
	xsi:schemaLocation="http://www.springframework.org/schema/beans https://www.springframework.org/schema/beans/spring-beans-4.3.xsd
		http://www.springframework.org/schema/context https://www.springframework.org/schema/context/spring-context-4.3.xsd">

	<bean id="envConfig" class="org.jasypt.encryption.pbe.config.EnvironmentStringPBEConfig">
		<property name="algorithm" value="PBEWithMD5AndDES"></property>
		<property name="passwordEnvName" value="NAVER"></property>
	</bean>

	<bean id="configEnC" class="org.jasypt.encryption.pbe.StandardPBEStringEncryptor">
		<property name="config" ref="envConfig"/>
	</bean>
	
	<!-- 
	properties를 여러개로 분리하여 설정하는 방법
		property에 locations를 설정하고
		내부에 list를 설정한 후
		value값으로 해당 파일들을 나열해주면 된다.
	 -->
	<bean class="org.jasypt.spring31.properties.EncryptablePropertyPlaceholderConfigurer">
		<constructor-arg ref="configEnC"/>
		<property name="locations">
			<list>
				<value>/WEB-INF/spring/root/hiber.user.properties</value>
			</list>		
		</property>
	</bean>
	
</beans>