<?xml version="1.0" encoding="UTF-8"?>
<beans xmlns="http://www.springframework.org/schema/beans"
	xmlns:xsi="http://www.w3.org/2001/XMLSchema-instance"
	xmlns:context="http://www.springframework.org/schema/context"
	xmlns:mybatis-spring="http://mybatis.org/schema/mybatis-spring"
	xmlns:tx="http://www.springframework.org/schema/tx"
	xsi:schemaLocation="http://www.springframework.org/schema/beans https://www.springframework.org/schema/beans/spring-beans-4.3.xsd
		http://www.springframework.org/schema/context https://www.springframework.org/schema/context/spring-context-4.3.xsd
		http://mybatis.org/schema/mybatis-spring http://mybatis.org/schema/mybatis-spring-1.2.xsd
		http://www.springframework.org/schema/tx https://www.springframework.org/schema/tx/spring-tx-4.3.xsd">

	<bean id="myDS" class="org.apache.commons.dbcp2.BasicDataSource">
		<property name="driverClassName" value="com.mysql.cj.jdbc.Driver"/>
		<property name="url" value="jdbc:mysql://localhost:3306/emsDB?serverTimeZone=Asia/Seoul&amp;useSSL=false"/>
		<property name="username" value="${mysql.user}"/>
		<property name="password" value="${mysql.password}"/>
	</bean>
	
	<bean id="sessionFactory" class="org.mybatis.spring.SqlSessionFactoryBean">
		<property name="dataSource" ref="myDS"/>
		<property name="typeAliasesPackage" value="com.biz.shop.domain"/>
		<property name="mapperLocations" value="/WEB-INF/spring/mapper/*-mapper.xml"/>
	</bean>

	<tx:annotation-driven/>
	
	<bean class="org.mybatis.spring.SqlSessionTemplate">
		<constructor-arg index="0" ref="sessionFactory"/>
	</bean>
	
	<mybatis-spring:scan base-package="com.biz.shop.dao"/>
		
</beans>
