<?xml version="1.0" encoding="UTF-8"?>
<beans xmlns="http://www.springframework.org/schema/beans"
	xmlns:xsi="http://www.w3.org/2001/XMLSchema-instance"
	xmlns:context="http://www.springframework.org/schema/context"
	xmlns:tx="http://www.springframework.org/schema/tx"
	xsi:schemaLocation="http://www.springframework.org/schema/beans https://www.springframework.org/schema/beans/spring-beans-4.3.xsd
		http://www.springframework.org/schema/context https://www.springframework.org/schema/context/spring-context-4.3.xsd
		http://www.springframework.org/schema/tx https://www.springframework.org/schema/tx/spring-tx-4.3.xsd">


	<bean id="envConfig" class="org.jasypt.encryption.pbe.config.EnvironmentStringPBEConfig">
		<property name="algorithm" value="PBEWithMD5AndDES"/>
		<property name="passwordEnvName" value="BIZ.COM"/>
	</bean>

	<bean id="encConvert" class="org.jasypt.encryption.pbe.StandardPBEStringEncryptor">
		<property name="config" ref="envConfig"/>
	</bean>

	<bean class="org.jasypt.spring31.properties.EncryptablePropertyPlaceholderConfigurer">
		<constructor-arg ref="encConvert"/>
		<property name="fileEncoding" value="UTF-8"/>
		<property name="locations">
			<list>
				<value>/WEB-INF/spring/db.connection.properties</value>
			</list>
		</property>
	</bean>

	<bean id="authDB" class="org.apache.commons.dbcp2.BasicDataSource">
		<property name="driverClassName" value="com.mysql.jdbc.Driver"/>
		<property name="url" value="jdbc:mysql://localhost:3306/secur?serverTimezone=Asia/Seoul"/>
		<property name="username" value="${mysql.username}"/>
		<property name="password" value="${mysql.password}"/>
	</bean>
	
</beans>
