<?xml version="1.0" encoding="UTF-8"?>
<beans xmlns="http://www.springframework.org/schema/beans"
	xmlns:xsi="http://www.w3.org/2001/XMLSchema-instance"
	xmlns:context="http://www.springframework.org/schema/context"
	xmlns:security="http://www.springframework.org/schema/security"
	xsi:schemaLocation="http://www.springframework.org/schema/beans https://www.springframework.org/schema/beans/spring-beans-4.3.xsd
		http://www.springframework.org/schema/context https://www.springframework.org/schema/context/spring-context-4.3.xsd
		http://www.springframework.org/schema/security https://www.springframework.org/schema/security/spring-security-5.2.xsd">

	<bean id="passwordEncoder" class="org.springframework.security.crypto.bcrypt.BCryptPasswordEncoder">
		<constructor-arg index="0" value="4"/>
	</bean>

	<bean id="secureDao" class="org.springframework.security.core.userdetails.jdbc.JdbcDaoImpl">
		<property name="dataSource" ref="authDB"/>
		<property name="usersByUsernameQuery">
			<value>
				SELECT user_name AS username,
						user_pass AS password,
						enabled
				FROM tbl_users
				WHERE user_name = ?
			</value>
		</property>
		<property name="authoritiesByUsernameQuery">
			<value>
				SELECT username,
						authority
				FROM authorities
				WHERE username = ?
			</value>
		</property>
	</bean>

	<!-- 
	hasRole()에서 ROLE_USER와 USER의 값 검사
	security 4.2 미만에서는 
	반드시 DB에 ROLE_USER라고 저장되어 있으면
	hasRole('ROLE_USER') 이라고 검사를 해야 한다.
	
	4.2 이상에서는 선택적으로 변경이 된다.
	DB에 ROLE_USER 라고 저장되어 있을 때
	검사할때는 hasRole('USER')라고만 검사를 해도 통과가 된다.
	
	간혹 이 규칙이 적용이 안되는 버전이 있다.
	편의상 DB에 ROLE_USER와 USER를 같이 등록을 해 놓는다.
	
	이러한 문제를 해결하기 위해서 4.2 이상에서는 
	bean을 하나 설정하여
	DB에 ROLE_USER라고 저장되어 있어도 hasRole('USER')라고
	검사하도록 강제로 적용할 수 있다.
	-->
	<!-- 권한 admin을 검사한다면 DB에 'ROLE_'ADMIN을 불러오도록 하기 -->
	<bean id="grantedAuthorityDefaults" class="org.springframework.security.config.core.GrantedAuthorityDefaults">
		<constructor-arg value="ROLE_"/>
	</bean>
	
	<context:component-scan base-package="com.biz.shop.service"/>
	<bean id="authProvider" class="com.biz.shop.service.AuthProviderImpl">
		
	</bean>

	<security:authentication-manager>
		<security:authentication-provider ref="authProvider"/>
	</security:authentication-manager>

	<security:http auto-config="true" use-expressions="true">
		<security:csrf disabled="false"/>
		
		<security:intercept-url pattern="/admin/**" access="hasRole('ADMIN')"/>
		<!--  <security:intercept-url pattern="/user/mypage" access="hasAnyRole('admin','user')"/>-->
		<security:intercept-url pattern="/user/password" access="hasAnyRole('ADMIN','USER')"/>
		<security:intercept-url pattern="/user/**" access="permitAll()"/>
		<security:intercept-url pattern="/**" access="permitAll()"/>
		
		<security:form-login
			login-page="/user/login"
			login-processing-url=""
			default-target-url=""
			username-parameter="username"
			password-parameter="password"
		/>
		
		<security:logout
			logout-url="/logout"
			invalidate-session="true"
			delete-cookies="true"
			logout-success-url="/"
		/>
		
	</security:http>
</beans>
